UserID,Username,AgeGroup,Country,Verified
1,@user1,Teen,India,False
2,@user2,Adult,US,False
3,@user3,Teen,UK,True
4,@user4,Teen,US,True
5,@user5,Adult,US,True
6,@user6,Senior,UK,True
7,@user7,Adult,US,True
8,@user8,Adult,India,True
9,@user9,Adult,Canada,True
10,@user10,Adult,India,False
11,@user11,Adult,Germany,True
12,@user12,Senior,US,True
13,@user13,Adult,US,True
14,@user14,Adult,US,True
15,@user15,Teen,UK,True
16,@user16,Adult,US,False
17,@user17,Senior,India,True
18,@user18,Teen,India,False
19,@user19,Senior,UK,False
20,@user20,Adult,India,False
21,@user21,Teen,India,True
22,@user22,Adult,US,False
23,@user23,Adult,UK,True
24,@user24,Adult,US,False
25,@user25,Teen,India,False
26,@user26,Teen,UK,False
27,@user27,Senior,India,False
28,@user28,Teen,US,True
29,@user29,Teen,Germany,True
30,@user30,Teen,US,True
31,@user31,Teen,India,True
32,@user32,Teen,UK,False
33,@user33,Adult,Germany,False
34,@user34,Adult,India,False
35,@user35,Senior,Germany,False
36,@user36,Teen,Canada,False
37,@user37,Teen,Canada,True
38,@user38,Senior,UK,False
39,@user39,Senior,India,True
40,@user40,Adult,UK,False
41,@user41,Teen,India,True
42,@user42,Adult,India,False
43,@user43,Senior,Canada,False
44,@user44,Senior,US,True
45,@user45,Teen,Canada,True
46,@user46,Senior,India,False
47,@user47,Senior,US,True
48,@user48,Teen,US,False
49,@user49,Adult,India,True
50,@user50,Adult,Canada,True
